DELETE FROM point_reading; DELETE FROM point; DELETE FROM meter; DELETE FROM site;
DELETE FROM site_tag; DELETE FROM meter_tag; DELETE FROM point_tag;
INSERT INTO site VALUES ('site-001','Northside Factory');
INSERT INTO site_tag VALUES ('site-001','area','number','1200 m2');
INSERT INTO meter VALUES ('meter-020','site-001','AHU-2');
INSERT INTO meter_tag VALUES ('meter-020','ahu','marker',NULL);
INSERT INTO point VALUES ('meter-020-zt','meter-020','Zone Temp');
INSERT INTO point VALUES ('meter-020-zt-ok','meter-020','Zone Temp B');
INSERT INTO meter VALUES ('meter-001','site-001','Main Energy Meter');
INSERT INTO meter_tag VALUES ('meter-001','meter','marker',NULL);
INSERT INTO point VALUES ('meter-001-kwh','meter-001','Energy kWh');
INSERT INTO point_reading VALUES ('2026-07-17 00:00:00','meter-020-zt',21.0);
INSERT INTO point_reading VALUES ('2026-07-17 00:00:00','meter-020-zt-ok',20.000);
INSERT INTO point_reading VALUES ('2026-07-17 00:00:00','meter-001-kwh',30.0);
INSERT INTO point_reading VALUES ('2026-07-17 00:15:00','meter-020-zt',21.0);
INSERT INTO point_reading VALUES ('2026-07-17 00:15:00','meter-020-zt-ok',20.026);
INSERT INTO point_reading VALUES ('2026-07-17 00:15:00','meter-001-kwh',30.0);
INSERT INTO point_reading VALUES ('2026-07-17 00:30:00','meter-020-zt',21.0);
INSERT INTO point_reading VALUES ('2026-07-17 00:30:00','meter-020-zt-ok',20.052);
INSERT INTO point_reading VALUES ('2026-07-17 00:30:00','meter-001-kwh',30.0);
INSERT INTO point_reading VALUES ('2026-07-17 00:45:00','meter-020-zt',21.0);
INSERT INTO point_reading VALUES ('2026-07-17 00:45:00','meter-020-zt-ok',20.078);
INSERT INTO point_reading VALUES ('2026-07-17 00:45:00','meter-001-kwh',30.0);
INSERT INTO point_reading VALUES ('2026-07-17 01:00:00','meter-020-zt',21.0);
INSERT INTO point_reading VALUES ('2026-07-17 01:00:00','meter-020-zt-ok',20.104);
INSERT INTO point_reading VALUES ('2026-07-17 01:00:00','meter-001-kwh',30.0);
INSERT INTO point_reading VALUES ('2026-07-17 01:15:00','meter-020-zt',21.0);
INSERT INTO point_reading VALUES ('2026-07-17 01:15:00','meter-020-zt-ok',20.130);
INSERT INTO point_reading VALUES ('2026-07-17 01:15:00','meter-001-kwh',30.0);
INSERT INTO point_reading VALUES ('2026-07-17 01:30:00','meter-020-zt',21.0);
INSERT INTO point_reading VALUES ('2026-07-17 01:30:00','meter-020-zt-ok',20.156);
INSERT INTO point_reading VALUES ('2026-07-17 01:30:00','meter-001-kwh',30.0);
INSERT INTO point_reading VALUES ('2026-07-17 01:45:00','meter-020-zt',21.0);
INSERT INTO point_reading VALUES ('2026-07-17 01:45:00','meter-020-zt-ok',20.182);
INSERT INTO point_reading VALUES ('2026-07-17 01:45:00','meter-001-kwh',30.0);
INSERT INTO point_reading VALUES ('2026-07-17 02:00:00','meter-020-zt',21.0);
INSERT INTO point_reading VALUES ('2026-07-17 02:00:00','meter-020-zt-ok',20.208);
INSERT INTO point_reading VALUES ('2026-07-17 02:00:00','meter-001-kwh',30.0);
INSERT INTO point_reading VALUES ('2026-07-17 02:15:00','meter-020-zt',21.0);
INSERT INTO point_reading VALUES ('2026-07-17 02:15:00','meter-020-zt-ok',20.234);
INSERT INTO point_reading VALUES ('2026-07-17 02:15:00','meter-001-kwh',30.0);
INSERT INTO point_reading VALUES ('2026-07-17 02:30:00','meter-020-zt',21.0);
INSERT INTO point_reading VALUES ('2026-07-17 02:30:00','meter-020-zt-ok',20.260);
INSERT INTO point_reading VALUES ('2026-07-17 02:30:00','meter-001-kwh',30.0);
INSERT INTO point_reading VALUES ('2026-07-17 02:45:00','meter-020-zt',21.0);
INSERT INTO point_reading VALUES ('2026-07-17 02:45:00','meter-020-zt-ok',20.286);
INSERT INTO point_reading VALUES ('2026-07-17 02:45:00','meter-001-kwh',30.0);
INSERT INTO point_reading VALUES ('2026-07-17 03:00:00','meter-020-zt',21.0);
INSERT INTO point_reading VALUES ('2026-07-17 03:00:00','meter-020-zt-ok',20.312);
INSERT INTO point_reading VALUES ('2026-07-17 03:00:00','meter-001-kwh',30.0);
INSERT INTO point_reading VALUES ('2026-07-17 03:15:00','meter-020-zt',21.0);
INSERT INTO point_reading VALUES ('2026-07-17 03:15:00','meter-020-zt-ok',20.339);
INSERT INTO point_reading VALUES ('2026-07-17 03:15:00','meter-001-kwh',30.0);
INSERT INTO point_reading VALUES ('2026-07-17 03:30:00','meter-020-zt',21.0);
INSERT INTO point_reading VALUES ('2026-07-17 03:30:00','meter-020-zt-ok',20.365);
INSERT INTO point_reading VALUES ('2026-07-17 03:30:00','meter-001-kwh',30.0);
INSERT INTO point_reading VALUES ('2026-07-17 03:45:00','meter-020-zt',21.0);
INSERT INTO point_reading VALUES ('2026-07-17 03:45:00','meter-020-zt-ok',20.391);
INSERT INTO point_reading VALUES ('2026-07-17 03:45:00','meter-001-kwh',30.0);
INSERT INTO point_reading VALUES ('2026-07-17 04:00:00','meter-020-zt',21.0);
INSERT INTO point_reading VALUES ('2026-07-17 04:00:00','meter-020-zt-ok',20.417);
INSERT INTO point_reading VALUES ('2026-07-17 04:00:00','meter-001-kwh',30.0);
INSERT INTO point_reading VALUES ('2026-07-17 04:15:00','meter-020-zt',21.0);
INSERT INTO point_reading VALUES ('2026-07-17 04:15:00','meter-020-zt-ok',20.443);
INSERT INTO point_reading VALUES ('2026-07-17 04:15:00','meter-001-kwh',30.0);
INSERT INTO point_reading VALUES ('2026-07-17 04:30:00','meter-020-zt',21.0);
INSERT INTO point_reading VALUES ('2026-07-17 04:30:00','meter-020-zt-ok',20.469);
INSERT INTO point_reading VALUES ('2026-07-17 04:30:00','meter-001-kwh',30.0);
INSERT INTO point_reading VALUES ('2026-07-17 04:45:00','meter-020-zt',21.0);
INSERT INTO point_reading VALUES ('2026-07-17 04:45:00','meter-020-zt-ok',20.495);
INSERT INTO point_reading VALUES ('2026-07-17 04:45:00','meter-001-kwh',30.0);
INSERT INTO point_reading VALUES ('2026-07-17 05:00:00','meter-020-zt',21.0);
INSERT INTO point_reading VALUES ('2026-07-17 05:00:00','meter-020-zt-ok',20.521);
INSERT INTO point_reading VALUES ('2026-07-17 05:00:00','meter-001-kwh',30.0);
INSERT INTO point_reading VALUES ('2026-07-17 05:15:00','meter-020-zt',21.0);
INSERT INTO point_reading VALUES ('2026-07-17 05:15:00','meter-020-zt-ok',20.547);
INSERT INTO point_reading VALUES ('2026-07-17 05:15:00','meter-001-kwh',30.0);
INSERT INTO point_reading VALUES ('2026-07-17 05:30:00','meter-020-zt',21.0);
INSERT INTO point_reading VALUES ('2026-07-17 05:30:00','meter-020-zt-ok',20.573);
INSERT INTO point_reading VALUES ('2026-07-17 05:30:00','meter-001-kwh',30.0);
INSERT INTO point_reading VALUES ('2026-07-17 05:45:00','meter-020-zt',21.0);
INSERT INTO point_reading VALUES ('2026-07-17 05:45:00','meter-020-zt-ok',20.599);
INSERT INTO point_reading VALUES ('2026-07-17 05:45:00','meter-001-kwh',30.0);
INSERT INTO point_reading VALUES ('2026-07-17 06:00:00','meter-020-zt',21.0);
INSERT INTO point_reading VALUES ('2026-07-17 06:00:00','meter-020-zt-ok',20.625);
INSERT INTO point_reading VALUES ('2026-07-17 06:00:00','meter-001-kwh',30.0);
INSERT INTO point_reading VALUES ('2026-07-17 06:15:00','meter-020-zt',21.0);
INSERT INTO point_reading VALUES ('2026-07-17 06:15:00','meter-020-zt-ok',20.651);
INSERT INTO point_reading VALUES ('2026-07-17 06:15:00','meter-001-kwh',30.0);
INSERT INTO point_reading VALUES ('2026-07-17 06:30:00','meter-020-zt',21.0);
INSERT INTO point_reading VALUES ('2026-07-17 06:30:00','meter-020-zt-ok',20.677);
INSERT INTO point_reading VALUES ('2026-07-17 06:30:00','meter-001-kwh',30.0);
INSERT INTO point_reading VALUES ('2026-07-17 06:45:00','meter-020-zt',21.0);
INSERT INTO point_reading VALUES ('2026-07-17 06:45:00','meter-020-zt-ok',20.703);
INSERT INTO point_reading VALUES ('2026-07-17 06:45:00','meter-001-kwh',30.0);
INSERT INTO point_reading VALUES ('2026-07-17 07:00:00','meter-020-zt',21.0);
INSERT INTO point_reading VALUES ('2026-07-17 07:00:00','meter-020-zt-ok',20.729);
INSERT INTO point_reading VALUES ('2026-07-17 07:00:00','meter-001-kwh',30.0);
INSERT INTO point_reading VALUES ('2026-07-17 07:15:00','meter-020-zt',21.0);
INSERT INTO point_reading VALUES ('2026-07-17 07:15:00','meter-020-zt-ok',20.755);
INSERT INTO point_reading VALUES ('2026-07-17 07:15:00','meter-001-kwh',30.0);
INSERT INTO point_reading VALUES ('2026-07-17 07:30:00','meter-020-zt',21.0);
INSERT INTO point_reading VALUES ('2026-07-17 07:30:00','meter-020-zt-ok',20.781);
INSERT INTO point_reading VALUES ('2026-07-17 07:30:00','meter-001-kwh',30.0);
INSERT INTO point_reading VALUES ('2026-07-17 07:45:00','meter-020-zt',21.0);
INSERT INTO point_reading VALUES ('2026-07-17 07:45:00','meter-020-zt-ok',20.807);
INSERT INTO point_reading VALUES ('2026-07-17 07:45:00','meter-001-kwh',30.0);
INSERT INTO point_reading VALUES ('2026-07-17 08:00:00','meter-020-zt',21.0);
INSERT INTO point_reading VALUES ('2026-07-17 08:00:00','meter-020-zt-ok',20.833);
INSERT INTO point_reading VALUES ('2026-07-17 08:00:00','meter-001-kwh',30.0);
INSERT INTO point_reading VALUES ('2026-07-17 08:15:00','meter-020-zt',21.0);
INSERT INTO point_reading VALUES ('2026-07-17 08:15:00','meter-020-zt-ok',20.859);
INSERT INTO point_reading VALUES ('2026-07-17 08:15:00','meter-001-kwh',30.0);
INSERT INTO point_reading VALUES ('2026-07-17 08:30:00','meter-020-zt',21.0);
INSERT INTO point_reading VALUES ('2026-07-17 08:30:00','meter-020-zt-ok',20.885);
INSERT INTO point_reading VALUES ('2026-07-17 08:30:00','meter-001-kwh',30.0);
INSERT INTO point_reading VALUES ('2026-07-17 08:45:00','meter-020-zt',21.0);
INSERT INTO point_reading VALUES ('2026-07-17 08:45:00','meter-020-zt-ok',20.911);
INSERT INTO point_reading VALUES ('2026-07-17 08:45:00','meter-001-kwh',30.0);
INSERT INTO point_reading VALUES ('2026-07-17 09:00:00','meter-020-zt',21.0);
INSERT INTO point_reading VALUES ('2026-07-17 09:00:00','meter-020-zt-ok',20.938);
INSERT INTO point_reading VALUES ('2026-07-17 09:00:00','meter-001-kwh',30.0);
INSERT INTO point_reading VALUES ('2026-07-17 09:15:00','meter-020-zt',21.0);
INSERT INTO point_reading VALUES ('2026-07-17 09:15:00','meter-020-zt-ok',20.964);
INSERT INTO point_reading VALUES ('2026-07-17 09:15:00','meter-001-kwh',30.0);
INSERT INTO point_reading VALUES ('2026-07-17 09:30:00','meter-020-zt',21.0);
INSERT INTO point_reading VALUES ('2026-07-17 09:30:00','meter-020-zt-ok',20.990);
INSERT INTO point_reading VALUES ('2026-07-17 09:30:00','meter-001-kwh',30.0);
INSERT INTO point_reading VALUES ('2026-07-17 09:45:00','meter-020-zt',21.0);
INSERT INTO point_reading VALUES ('2026-07-17 09:45:00','meter-020-zt-ok',21.016);
INSERT INTO point_reading VALUES ('2026-07-17 09:45:00','meter-001-kwh',30.0);
INSERT INTO point_reading VALUES ('2026-07-17 10:00:00','meter-020-zt',21.0);
INSERT INTO point_reading VALUES ('2026-07-17 10:00:00','meter-020-zt-ok',21.042);
INSERT INTO point_reading VALUES ('2026-07-17 10:00:00','meter-001-kwh',30.0);
INSERT INTO point_reading VALUES ('2026-07-17 10:15:00','meter-020-zt',21.0);
INSERT INTO point_reading VALUES ('2026-07-17 10:15:00','meter-020-zt-ok',21.068);
INSERT INTO point_reading VALUES ('2026-07-17 10:15:00','meter-001-kwh',30.0);
INSERT INTO point_reading VALUES ('2026-07-17 10:30:00','meter-020-zt',21.0);
INSERT INTO point_reading VALUES ('2026-07-17 10:30:00','meter-020-zt-ok',21.094);
INSERT INTO point_reading VALUES ('2026-07-17 10:30:00','meter-001-kwh',30.0);
INSERT INTO point_reading VALUES ('2026-07-17 10:45:00','meter-020-zt',21.0);
INSERT INTO point_reading VALUES ('2026-07-17 10:45:00','meter-020-zt-ok',21.120);
INSERT INTO point_reading VALUES ('2026-07-17 10:45:00','meter-001-kwh',30.0);
INSERT INTO point_reading VALUES ('2026-07-17 11:00:00','meter-020-zt',21.0);
INSERT INTO point_reading VALUES ('2026-07-17 11:00:00','meter-020-zt-ok',21.146);
INSERT INTO point_reading VALUES ('2026-07-17 11:00:00','meter-001-kwh',30.0);
INSERT INTO point_reading VALUES ('2026-07-17 11:15:00','meter-020-zt',21.0);
INSERT INTO point_reading VALUES ('2026-07-17 11:15:00','meter-020-zt-ok',21.172);
INSERT INTO point_reading VALUES ('2026-07-17 11:15:00','meter-001-kwh',30.0);
INSERT INTO point_reading VALUES ('2026-07-17 11:30:00','meter-020-zt',21.0);
INSERT INTO point_reading VALUES ('2026-07-17 11:30:00','meter-020-zt-ok',21.198);
INSERT INTO point_reading VALUES ('2026-07-17 11:30:00','meter-001-kwh',30.0);
INSERT INTO point_reading VALUES ('2026-07-17 11:45:00','meter-020-zt',21.0);
INSERT INTO point_reading VALUES ('2026-07-17 11:45:00','meter-020-zt-ok',21.224);
INSERT INTO point_reading VALUES ('2026-07-17 11:45:00','meter-001-kwh',30.0);
INSERT INTO point_reading VALUES ('2026-07-17 12:00:00','meter-020-zt',21.0);
INSERT INTO point_reading VALUES ('2026-07-17 12:00:00','meter-020-zt-ok',21.250);
INSERT INTO point_reading VALUES ('2026-07-17 12:00:00','meter-001-kwh',30.0);
INSERT INTO point_reading VALUES ('2026-07-17 12:15:00','meter-020-zt',21.0);
INSERT INTO point_reading VALUES ('2026-07-17 12:15:00','meter-020-zt-ok',21.224);
INSERT INTO point_reading VALUES ('2026-07-17 12:15:00','meter-001-kwh',30.0);
INSERT INTO point_reading VALUES ('2026-07-17 12:30:00','meter-020-zt',21.0);
INSERT INTO point_reading VALUES ('2026-07-17 12:30:00','meter-020-zt-ok',21.198);
INSERT INTO point_reading VALUES ('2026-07-17 12:30:00','meter-001-kwh',30.0);
INSERT INTO point_reading VALUES ('2026-07-17 12:45:00','meter-020-zt',21.0);
INSERT INTO point_reading VALUES ('2026-07-17 12:45:00','meter-020-zt-ok',21.172);
INSERT INTO point_reading VALUES ('2026-07-17 12:45:00','meter-001-kwh',30.0);
INSERT INTO point_reading VALUES ('2026-07-17 13:00:00','meter-020-zt',21.0);
INSERT INTO point_reading VALUES ('2026-07-17 13:00:00','meter-020-zt-ok',21.146);
INSERT INTO point_reading VALUES ('2026-07-17 13:00:00','meter-001-kwh',30.0);
INSERT INTO point_reading VALUES ('2026-07-17 13:15:00','meter-020-zt',21.0);
INSERT INTO point_reading VALUES ('2026-07-17 13:15:00','meter-020-zt-ok',21.120);
INSERT INTO point_reading VALUES ('2026-07-17 13:15:00','meter-001-kwh',30.0);
INSERT INTO point_reading VALUES ('2026-07-17 13:30:00','meter-020-zt',21.0);
INSERT INTO point_reading VALUES ('2026-07-17 13:30:00','meter-020-zt-ok',21.094);
INSERT INTO point_reading VALUES ('2026-07-17 13:30:00','meter-001-kwh',30.0);
INSERT INTO point_reading VALUES ('2026-07-17 13:45:00','meter-020-zt',21.0);
INSERT INTO point_reading VALUES ('2026-07-17 13:45:00','meter-020-zt-ok',21.068);
INSERT INTO point_reading VALUES ('2026-07-17 13:45:00','meter-001-kwh',30.0);
INSERT INTO point_reading VALUES ('2026-07-17 14:00:00','meter-020-zt',21.0);
INSERT INTO point_reading VALUES ('2026-07-17 14:00:00','meter-020-zt-ok',21.042);
INSERT INTO point_reading VALUES ('2026-07-17 14:00:00','meter-001-kwh',30.0);
INSERT INTO point_reading VALUES ('2026-07-17 14:15:00','meter-020-zt',21.0);
INSERT INTO point_reading VALUES ('2026-07-17 14:15:00','meter-020-zt-ok',21.016);
INSERT INTO point_reading VALUES ('2026-07-17 14:15:00','meter-001-kwh',30.0);
INSERT INTO point_reading VALUES ('2026-07-17 14:30:00','meter-020-zt',21.0);
INSERT INTO point_reading VALUES ('2026-07-17 14:30:00','meter-020-zt-ok',20.990);
INSERT INTO point_reading VALUES ('2026-07-17 14:30:00','meter-001-kwh',30.0);
INSERT INTO point_reading VALUES ('2026-07-17 14:45:00','meter-020-zt',21.0);
INSERT INTO point_reading VALUES ('2026-07-17 14:45:00','meter-020-zt-ok',20.964);
INSERT INTO point_reading VALUES ('2026-07-17 14:45:00','meter-001-kwh',30.0);
INSERT INTO point_reading VALUES ('2026-07-17 15:00:00','meter-020-zt',21.0);
INSERT INTO point_reading VALUES ('2026-07-17 15:00:00','meter-020-zt-ok',20.938);
INSERT INTO point_reading VALUES ('2026-07-17 15:00:00','meter-001-kwh',30.0);
INSERT INTO point_reading VALUES ('2026-07-17 15:15:00','meter-020-zt',21.0);
INSERT INTO point_reading VALUES ('2026-07-17 15:15:00','meter-020-zt-ok',20.911);
INSERT INTO point_reading VALUES ('2026-07-17 15:15:00','meter-001-kwh',30.0);
INSERT INTO point_reading VALUES ('2026-07-17 15:30:00','meter-020-zt',21.0);
INSERT INTO point_reading VALUES ('2026-07-17 15:30:00','meter-020-zt-ok',20.885);
INSERT INTO point_reading VALUES ('2026-07-17 15:30:00','meter-001-kwh',30.0);
INSERT INTO point_reading VALUES ('2026-07-17 15:45:00','meter-020-zt',21.0);
INSERT INTO point_reading VALUES ('2026-07-17 15:45:00','meter-020-zt-ok',20.859);
INSERT INTO point_reading VALUES ('2026-07-17 15:45:00','meter-001-kwh',30.0);
INSERT INTO point_reading VALUES ('2026-07-17 16:00:00','meter-020-zt',21.0);
INSERT INTO point_reading VALUES ('2026-07-17 16:00:00','meter-020-zt-ok',20.833);
INSERT INTO point_reading VALUES ('2026-07-17 16:00:00','meter-001-kwh',30.0);
INSERT INTO point_reading VALUES ('2026-07-17 16:15:00','meter-020-zt',21.0);
INSERT INTO point_reading VALUES ('2026-07-17 16:15:00','meter-020-zt-ok',20.807);
INSERT INTO point_reading VALUES ('2026-07-17 16:15:00','meter-001-kwh',30.0);
INSERT INTO point_reading VALUES ('2026-07-17 16:30:00','meter-020-zt',21.0);
INSERT INTO point_reading VALUES ('2026-07-17 16:30:00','meter-020-zt-ok',20.781);
INSERT INTO point_reading VALUES ('2026-07-17 16:30:00','meter-001-kwh',30.0);
INSERT INTO point_reading VALUES ('2026-07-17 16:45:00','meter-020-zt',21.0);
INSERT INTO point_reading VALUES ('2026-07-17 16:45:00','meter-020-zt-ok',20.755);
INSERT INTO point_reading VALUES ('2026-07-17 16:45:00','meter-001-kwh',30.0);
INSERT INTO point_reading VALUES ('2026-07-17 17:00:00','meter-020-zt',21.0);
INSERT INTO point_reading VALUES ('2026-07-17 17:00:00','meter-020-zt-ok',20.729);
INSERT INTO point_reading VALUES ('2026-07-17 17:00:00','meter-001-kwh',30.0);
INSERT INTO point_reading VALUES ('2026-07-17 17:15:00','meter-020-zt',21.0);
INSERT INTO point_reading VALUES ('2026-07-17 17:15:00','meter-020-zt-ok',20.703);
INSERT INTO point_reading VALUES ('2026-07-17 17:15:00','meter-001-kwh',30.0);
INSERT INTO point_reading VALUES ('2026-07-17 17:30:00','meter-020-zt',21.0);
INSERT INTO point_reading VALUES ('2026-07-17 17:30:00','meter-020-zt-ok',20.677);
INSERT INTO point_reading VALUES ('2026-07-17 17:30:00','meter-001-kwh',30.0);
INSERT INTO point_reading VALUES ('2026-07-17 17:45:00','meter-020-zt',21.0);
INSERT INTO point_reading VALUES ('2026-07-17 17:45:00','meter-020-zt-ok',20.651);
INSERT INTO point_reading VALUES ('2026-07-17 17:45:00','meter-001-kwh',30.0);
INSERT INTO point_reading VALUES ('2026-07-17 18:00:00','meter-020-zt',21.0);
INSERT INTO point_reading VALUES ('2026-07-17 18:00:00','meter-020-zt-ok',20.625);
INSERT INTO point_reading VALUES ('2026-07-17 18:00:00','meter-001-kwh',30.0);
INSERT INTO point_reading VALUES ('2026-07-17 18:15:00','meter-020-zt',21.0);
INSERT INTO point_reading VALUES ('2026-07-17 18:15:00','meter-020-zt-ok',20.599);
INSERT INTO point_reading VALUES ('2026-07-17 18:15:00','meter-001-kwh',30.0);
INSERT INTO point_reading VALUES ('2026-07-17 18:30:00','meter-020-zt',21.0);
INSERT INTO point_reading VALUES ('2026-07-17 18:30:00','meter-020-zt-ok',20.573);
INSERT INTO point_reading VALUES ('2026-07-17 18:30:00','meter-001-kwh',30.0);
INSERT INTO point_reading VALUES ('2026-07-17 18:45:00','meter-020-zt',21.0);
INSERT INTO point_reading VALUES ('2026-07-17 18:45:00','meter-020-zt-ok',20.547);
INSERT INTO point_reading VALUES ('2026-07-17 18:45:00','meter-001-kwh',30.0);
INSERT INTO point_reading VALUES ('2026-07-17 19:00:00','meter-020-zt',21.0);
INSERT INTO point_reading VALUES ('2026-07-17 19:00:00','meter-020-zt-ok',20.521);
INSERT INTO point_reading VALUES ('2026-07-17 19:00:00','meter-001-kwh',30.0);
INSERT INTO point_reading VALUES ('2026-07-17 19:15:00','meter-020-zt',21.0);
INSERT INTO point_reading VALUES ('2026-07-17 19:15:00','meter-020-zt-ok',20.495);
INSERT INTO point_reading VALUES ('2026-07-17 19:15:00','meter-001-kwh',30.0);
INSERT INTO point_reading VALUES ('2026-07-17 19:30:00','meter-020-zt',21.0);
INSERT INTO point_reading VALUES ('2026-07-17 19:30:00','meter-020-zt-ok',20.469);
INSERT INTO point_reading VALUES ('2026-07-17 19:30:00','meter-001-kwh',30.0);
INSERT INTO point_reading VALUES ('2026-07-17 19:45:00','meter-020-zt',21.0);
INSERT INTO point_reading VALUES ('2026-07-17 19:45:00','meter-020-zt-ok',20.443);
INSERT INTO point_reading VALUES ('2026-07-17 19:45:00','meter-001-kwh',30.0);
INSERT INTO point_reading VALUES ('2026-07-17 20:00:00','meter-020-zt',21.0);
INSERT INTO point_reading VALUES ('2026-07-17 20:00:00','meter-020-zt-ok',20.417);
INSERT INTO point_reading VALUES ('2026-07-17 20:00:00','meter-001-kwh',30.0);
INSERT INTO point_reading VALUES ('2026-07-17 20:15:00','meter-020-zt',21.0);
INSERT INTO point_reading VALUES ('2026-07-17 20:15:00','meter-020-zt-ok',20.391);
INSERT INTO point_reading VALUES ('2026-07-17 20:15:00','meter-001-kwh',30.0);
INSERT INTO point_reading VALUES ('2026-07-17 20:30:00','meter-020-zt',21.0);
INSERT INTO point_reading VALUES ('2026-07-17 20:30:00','meter-020-zt-ok',20.365);
INSERT INTO point_reading VALUES ('2026-07-17 20:30:00','meter-001-kwh',30.0);
INSERT INTO point_reading VALUES ('2026-07-17 20:45:00','meter-020-zt',21.0);
INSERT INTO point_reading VALUES ('2026-07-17 20:45:00','meter-020-zt-ok',20.339);
INSERT INTO point_reading VALUES ('2026-07-17 20:45:00','meter-001-kwh',30.0);
INSERT INTO point_reading VALUES ('2026-07-17 21:00:00','meter-020-zt',21.0);
INSERT INTO point_reading VALUES ('2026-07-17 21:00:00','meter-020-zt-ok',20.312);
INSERT INTO point_reading VALUES ('2026-07-17 21:00:00','meter-001-kwh',30.0);
INSERT INTO point_reading VALUES ('2026-07-17 21:15:00','meter-020-zt',21.0);
INSERT INTO point_reading VALUES ('2026-07-17 21:15:00','meter-020-zt-ok',20.286);
INSERT INTO point_reading VALUES ('2026-07-17 21:15:00','meter-001-kwh',30.0);
INSERT INTO point_reading VALUES ('2026-07-17 21:30:00','meter-020-zt',21.0);
INSERT INTO point_reading VALUES ('2026-07-17 21:30:00','meter-020-zt-ok',20.260);
INSERT INTO point_reading VALUES ('2026-07-17 21:30:00','meter-001-kwh',30.0);
INSERT INTO point_reading VALUES ('2026-07-17 21:45:00','meter-020-zt',21.0);
INSERT INTO point_reading VALUES ('2026-07-17 21:45:00','meter-020-zt-ok',20.234);
INSERT INTO point_reading VALUES ('2026-07-17 21:45:00','meter-001-kwh',30.0);
INSERT INTO point_reading VALUES ('2026-07-17 22:00:00','meter-020-zt',21.0);
INSERT INTO point_reading VALUES ('2026-07-17 22:00:00','meter-020-zt-ok',20.208);
INSERT INTO point_reading VALUES ('2026-07-17 22:00:00','meter-001-kwh',30.0);
INSERT INTO point_reading VALUES ('2026-07-17 22:15:00','meter-020-zt',21.0);
INSERT INTO point_reading VALUES ('2026-07-17 22:15:00','meter-020-zt-ok',20.182);
INSERT INTO point_reading VALUES ('2026-07-17 22:15:00','meter-001-kwh',30.0);
INSERT INTO point_reading VALUES ('2026-07-17 22:30:00','meter-020-zt',21.0);
INSERT INTO point_reading VALUES ('2026-07-17 22:30:00','meter-020-zt-ok',20.156);
INSERT INTO point_reading VALUES ('2026-07-17 22:30:00','meter-001-kwh',30.0);
INSERT INTO point_reading VALUES ('2026-07-17 22:45:00','meter-020-zt',21.0);
INSERT INTO point_reading VALUES ('2026-07-17 22:45:00','meter-020-zt-ok',20.130);
INSERT INTO point_reading VALUES ('2026-07-17 22:45:00','meter-001-kwh',30.0);
INSERT INTO point_reading VALUES ('2026-07-17 23:00:00','meter-020-zt',21.0);
INSERT INTO point_reading VALUES ('2026-07-17 23:00:00','meter-020-zt-ok',20.104);
INSERT INTO point_reading VALUES ('2026-07-17 23:00:00','meter-001-kwh',30.0);
INSERT INTO point_reading VALUES ('2026-07-17 23:15:00','meter-020-zt',21.0);
INSERT INTO point_reading VALUES ('2026-07-17 23:15:00','meter-020-zt-ok',20.078);
INSERT INTO point_reading VALUES ('2026-07-17 23:15:00','meter-001-kwh',30.0);
INSERT INTO point_reading VALUES ('2026-07-17 23:30:00','meter-020-zt',21.0);
INSERT INTO point_reading VALUES ('2026-07-17 23:30:00','meter-020-zt-ok',20.052);
INSERT INTO point_reading VALUES ('2026-07-17 23:30:00','meter-001-kwh',30.0);
INSERT INTO point_reading VALUES ('2026-07-17 23:45:00','meter-020-zt',21.0);
INSERT INTO point_reading VALUES ('2026-07-17 23:45:00','meter-020-zt-ok',20.026);
INSERT INTO point_reading VALUES ('2026-07-17 23:45:00','meter-001-kwh',30.0);
